{
    "craftmen" : [
        {
            "id":"0",
            "name":"JL de Morlhon",
            "firstname":"Jean-Laurent",
            "nick":"jlmorlhon",
            "title":"Master Craftsman",
            "email":"jlmorlhon@xebia.fr",
            "small-picture":"jlmorlhon.png",
            "big-picture":"jlmorlhon-big-plus.png",
            "linkedin-url":"morlhon",
            "github-url":"morlhon",
            "twitter-url":"morlhon",
            "gplus-url":"morlhon",
            "abstract":"<p>Jean-Laurent blahblahblah <b> I THROW FIREBALLS !</b> </p>",
            "spanleft":5,
            "spanright":7
        },
        {
            "id":"1",
            "name":"Hugo Geissmann",
            "firstname":"Hugo",
            "nick":"hgeissmann",
            "email":"hgeissmann@xebia.fr",
            "title":"I sell whatever you want, especially bac+5 meat.",
            "abstract":"<p>Vous venez pour une deux chevaux, vous partez avec une porshe.</p>",
            "small-picture":"hgeissmann.png",
            "big-picture":"hgeissmann-big.png",
            "linkedin-url":"hgeissmann",
            "twitter-url":"hgeissmann",
            "gplus-url":"hgeissmann",
            "spanleft":7,
            "spanright":5
        },
        {
            "id":"2",
            "name":"Cyrille Leclerc",
            "firstname":"Cyrille",
            "nick":"cleclerc",
            "title":"CTO",
            "email":"cleclerc@xebia.fr",
            "small-picture":"cleclerc.jpg",
            "big-picture":"cleclerc-big-plus2.png",
            "linkedin-url":"cleclerc",
            "twitter-url":"cleclerc",
            "gplus-url":"cleclerc",
            "spanleft":6,
            "spanright":6,
            "abstract":"<p>CTO de Xebia, Cyrille est aussi committer sur le projet Apache CXF.</p><p>Après être récemment intervenu sur les sites web et les plateformes de web service à fort traffic d'opérateurs de télécommunication, Cyrille est actuellement responsable de la mise en place d'une grille de données inter-continentale pour une grande institution financière française.</p><p> Cyrille a passé 7 ans chez IBM Global Services et est depuis 5 ans chez Xebia</p><p>Spécialiste de l'open-source, Cyrille est aussi blogger sur le blog de Xebia et speaker dans des conférences (In Memory Data Grids &amp; NoSQL, applications prêtes pour la production, etc)..</p>"
        },
        {
            "id":"3",
            "name":"Gilles Mantel",
            "firstname":"Gilles",
            "nick":"gmantel",
            "title":"C'est MA méthode.",
            "email":"gmantel@xebia.fr",
            "abstract":"<p></p>",
            "small-picture":"gmantel.png",
            "big-picture":"gmantel-big-plus.png",
            "linkedin-url":"gmantel",
            "twitter-url":"gmantel",
            "gplus-url":"gmantel",
            "spanleft":7,
            "spanright":5
        },
        {
            "id":"4",
            "name":"Frédéric Dubois",
            "firstname":"Frédéric",
            "nick":"fdubois",
            "email":"fdubois@xebia.fr",
            "title":"I'm rock SOLID !",
            "abstract":"<p>J'ai <b>PAS</b> quarante ans !</p>",
            "small-picture":"fdubois.png",
            "big-picture":"fdubois-big.png",
            "linkedin-url":"fdubois",
            "twitter-url":"fdubois",
            "gplus-url":"fdubois",
            "spanleft":7,
            "spanright":5
        },
        {
            "id":"5",
            "name":"Simon Caplette",
            "firstname":"Simon",
            "nick":"scaplette",
            "title":"Refactoring Dude",
            "email":"scaplette@xebia.fr",
            "abstract":"Simon BlahBlah",
            "small-picture":"scaplette.png",
            "big-picture":"scaplette-big-plus.png",
            "linkedin-url":"scaplette",
            "twitter-url":"scaplette",
            "gplus-url":"scaplette",
            "spanleft":6,
            "spanright":6
        },
        {
            "id":"6",
            "name":"Jean Helou",
            "firstname":"Jean",
            "nick":"jhelou",
            "title":"NewComer",
            "abstract":"<p>Curieux et passionné, Jean est un touche à tout de l'informatique. Très impliqué dans ses projets il a très vite acquis une sensibilité importante à la qualité, aux performances et à l'urbanisation des applications qu'il aide à créer. </p><p>Cherchant toujours l'amélioration continue du projet auquel il participe, il pratique une veille technique active et aide à former ses collègues aux techniques de l'état de l'art. </p><p>Par son expérience et son implication, il a également acquis une sensibilité aux relations avec les utilisateurs et aux problématiques de la conduite de projet qui l'a naturellement amené aux pratiques agiles. </p><p>En un mot, un ingénieur passionné et polyvalent.</p>",
            "small-picture":"jhelou.png",
            "big-picture":"jhelou-big-plus.png",
            "linkedin-url":"jhelou",
            "twitter-url":"jhelou",
            "gplus-url":"jhelou",
            "spanleft":7,
            "spanright":5
        },
        {
            "id":"7",
            "name":"Pablo Lopez",
            "firstname":"Pablo",
            "nick":"plopez",
            "email":"plopez@xebia.fr",
            "title":"",
            "abstract":"",
            "small-picture":"plopez.png",
            "big-picture":"plopez-big-plus.png",
            "linkedin-url":"plopez",
            "twitter-url":"plopez",
            "gplus-url":"plopez",
            "spanleft":7,
            "spanright":5
        },
        {
            "id":"8",
            "name":"Audrey Pedro",
            "firstname":"Audrey",
            "nick":"apedro",
            "email":"apedro@xebia.fr",
            "title":"Analyzing business !",
            "abstract":"<p>La PO, la force féminine du Studio.</p><p>Business Analyst / Product Owner chez Xebia, Audrey est CSPO. Après un an de conseil en sécurité (notamment sur des missions d'analyse de risques métier), Audrey se positionne en tant que lien fonctionnel entre le métier et l'équipe Xebia Studio lors d'un projet.</p><p>Audrey a suivi une formation d'ingénieur lui permettant de mieux appréhender les problématiques techniques des projets Studio. Elle a travaillé en France et en Allemagne, ce qui lui confère une grande adaptabilité à tout type d'organisation.</p>",
            "small-picture":"audrey.jpeg",
            "big-picture":"audrey-big.jpg",
            "linkedin-url":"apedro",
            "twitter-url":"apedro",
            "gplus-url":"apedro",
            "spanleft":7,
            "spanright":5
        },
        {
            "id":"9",
            "name":"Benoit Lemoine",
            "firstname":"Benoit",
            "nick":"blemoine",
            "title":"Don't REST with me !",
            "email":"blemoine@xebia.fr",
            "small-picture":"blemoine.png",
            "big-picture":"blemoine-big-plus.png",
            "linkedin-url":"?????",
            "github-url":"https://github.com/blemoine",
            "twitter-url":"empty",
            "gplus-url":"empty",
            "abstract":"<p>Contrairement à<a href=\"http://fr.wikipedia.org/wiki/Samson\">Samson</a>, Benoit ne tire pas ses compétences de sa chevelure mais bel bien de sa passion et de son travail. Et heureusement, car il développe avec succés des applications web depuis plus de 4 ans !</p><p> Convaincu que le développement logiciel, s'il n'est un art, est au moins un artisanat, Benoit est intransigeant sur la qualité de ce qu'il produit, et réalisera pour vous le logiciel dont vous avez besoin !</p>",
            "spanleft":6,
            "spanright":6
        },
        {
            "id":"10",
            "name":"Issam EL FATMI",
            "nick":"ielfatmi",
            "title":"Among every Season, it's SPRING I like the most",
            "email":"ielfatmi@xebia.fr",
            "small-picture":"ielfatmi.png",
            "big-picture":"ielfatmi-big.png",
            "linkedin-url":"http://www.linkedin.com/pub/issam-el-fatmi/22/278/265",
            "github-url":"https://github.com/ielfatmi",
            "twitter-url":"https://twitter.com/#!/ielfatmi",
            "gplus-url":"http://gplus.to/ielfatmi",
            "abstract":"<p>Passionné par l'informatique et ses diverses technologies, Issam s'adapte facilement à l'environnement technique auquel il est confronté.</p><p>Doté d'une grande capacité d'analyse et d'abstraction, il sait mettre en place des solutions simples qui permettent de résoudre des problèmes complexes.</p><p>Convaincu par le concept de la dette technique,  \"qualité de code\" et \"performance des applications\" sont durement inscrits dans son code d'honneur.</p><p>Capable d’autonomie dans son travail, il est apte à tenir des deadlines fixes faisant ainsi preuve d’engagement.</p>",
            "spanleft":7,
            "spanright":5

        }
    ]
}
